<?xml version="1.0" encoding="UTF-8" standalone="no"?>
<!DOCTYPE properties SYSTEM "http://java.sun.com/dtd/properties.dtd">
<properties>
<comment>Categories of ftp file</comment>
<entry key="video">;rm;rmvb;mpg;mpeg;mov;mtv;dat;wmv;avi;3gp;dmv;divx;asf;vob;flv;mkv;swf;</entry>
<entry key="subtitle">;srt;idx;sub;smi;ssa;lrc;</entry>
<entry key="audio">;wav;mp3;ra;rma;wma;asf;mid;midi;rmi;ogg;mod;ape;aiff;au;voc;vox;</entry>
<entry key="document">;pdf;doc;docx;chm;ppt;pptx;xls;xlsx;rtf;</entry>
<entry key="text">;tex;txt;html;htm;xml;log;ini;properties;prop;url;css;</entry>
<entry key="program">;java;c;cc;c++;cpp;cxx;h;hh;hpp;hxx;lisp;perl;pas;sh;pyo;a;so;lo;la;sql;class;js;o;</entry>
<entry key="image">;gif;jpg;jpeg;jpe;ico;mng;pbm;pgm;psd;png;pnm;ps;ppm;tif;tiff;bmp;xpm;eps;dcm;dicom;</entry>
<entry key="compress">;gz;bz2;tar;zip;rar;ar;ear;jar;war;iso;tgz;</entry>
<entry key="executable">;bat;exe;msi;dll;cab;com;sys;deb;</entry>
<entry key="unknown">unknown</entry>
<entry key="directory">directory</entry>
</properties>
