<?xml version="1.0" encoding="GB18030" standalone="no"?>
<!DOCTYPE log SYSTEM "logger.dtd">
<log>
<record>
  <date>2008-03-10T10:56:47</date>
  <millis>1205117807937</millis>
  <sequence>25</sequence>
  <logger>202.119.45.123</logger>
  <level>INFO</level>
  <class>ftp.FtpCrawler</class>
  <method>crawl</method>
  <thread>11</thread>
  <message>Start crawling ftp://202.119.45.123...</message>
</record>
<record>
  <date>2008-03-10T10:56:48</date>
  <millis>1205117808000</millis>
  <sequence>26</sequence>
  <logger>202.119.45.123</logger>
  <level>INFO</level>
  <class>ftp.FtpCrawler</class>
  <method>crawl</method>
  <thread>11</thread>
  <message>202.119.45.123 connected: 220 Serv-U FTP Server v5.0 for WinSock ready...
</message>
</record>
<record>
  <date>2008-03-10T10:56:48</date>
  <millis>1205117808015</millis>
  <sequence>27</sequence>
  <logger>202.119.45.123</logger>
  <level>INFO</level>
  <class>ftp.FtpCrawler</class>
  <method>crawl</method>
  <thread>11</thread>
  <message>Login to ftp://202.119.45.123 ok:230 User logged in, proceed.
</message>
</record>
<record>
  <date>2008-03-10T10:56:57</date>
  <millis>1205117817328</millis>
  <sequence>28</sequence>
  <logger>202.119.45.123</logger>
  <level>INFO</level>
  <class>ftp.FtpCrawler</class>
  <method>crawl</method>
  <thread>11</thread>
  <message>Finish crawling ftp://202.119.45.123</message>
</record>
<record>
  <date>2008-03-10T10:56:57</date>
  <millis>1205117817343</millis>
  <sequence>29</sequence>
  <logger>202.119.45.123</logger>
  <level>INFO</level>
  <class>ftp.FtpCrawler</class>
  <method>crawl</method>
  <thread>11</thread>
  <message>1434 items are crawled</message>
</record>
</log>
