<?xml version="1.0" encoding="GB18030" standalone="no"?>
<!DOCTYPE log SYSTEM "logger.dtd">
<log>
<record>
  <date>2008-03-10T10:56:47</date>
  <millis>1205117807875</millis>
  <sequence>22</sequence>
  <logger>essi.nju.edu.cn</logger>
  <level>INFO</level>
  <class>ftp.FtpCrawler</class>
  <method>crawl</method>
  <thread>13</thread>
  <message>Start crawling ftp://essi.nju.edu.cn...</message>
</record>
<record>
  <date>2008-03-10T10:56:47</date>
  <millis>1205117807890</millis>
  <sequence>23</sequence>
  <logger>essi.nju.edu.cn</logger>
  <level>INFO</level>
  <class>ftp.FtpCrawler</class>
  <method>crawl</method>
  <thread>13</thread>
  <message>essi.nju.edu.cn connected: 220 Serv-U FTP Server v6.0 for WinSock ready...
</message>
</record>
<record>
  <date>2008-03-10T10:56:47</date>
  <millis>1205117807890</millis>
  <sequence>24</sequence>
  <logger>essi.nju.edu.cn</logger>
  <level>INFO</level>
  <class>ftp.FtpCrawler</class>
  <method>crawl</method>
  <thread>13</thread>
  <message>Login to ftp://essi.nju.edu.cn ok:230 User logged in, proceed.
</message>
</record>
<record>
  <date>2008-03-10T10:57:44</date>
  <millis>1205117864015</millis>
  <sequence>46</sequence>
  <logger>essi.nju.edu.cn</logger>
  <level>INFO</level>
  <class>ftp.FtpCrawler</class>
  <method>crawl</method>
  <thread>13</thread>
  <message>Finish crawling ftp://essi.nju.edu.cn</message>
</record>
<record>
  <date>2008-03-10T10:57:44</date>
  <millis>1205117864015</millis>
  <sequence>47</sequence>
  <logger>essi.nju.edu.cn</logger>
  <level>INFO</level>
  <class>ftp.FtpCrawler</class>
  <method>crawl</method>
  <thread>13</thread>
  <message>8001 items are crawled</message>
</record>
</log>
