<?xml version="1.0" encoding="UTF-8"?>
<sites version="1.0" time="Wed Sep 03 20:53:49 CST 2008">
  <site>
    <name>172.16.10.220</name>
    <address>172.16.10.220</address>
    <port>21</port>
    <username>movie</username>
    <password>movie</password>
  </site>
  <site>
    <name>172.16.10.220</name>
    <address>172.16.10.220</address>
    <port>21</port>
    <username>book</username>
    <password>book</password>
  </site>
  <site>
    <name>172.16.110.16</name>
    <address>172.16.110.16</address>
    <port>21</port>
    <username>comic</username>
    <password>comic</password>
  </site>
  <site>
    <name>172.16.101.11</name>
    <address>172.16.101.11</address>
    <port>21</port>
    <username>upload</username>
    <password>upload</password>
  </site>
  <site>
    <name>172.16.101.207</name>
    <address>172.16.101.207</address>
    <port>21</port>
    <username>anonymous</username>
    <password />
  </site>
  <site>
    <name>172.16.101.82</name>
    <address>172.16.101.82</address>
    <port>21</port>
    <username>anonymous</username>
    <password />
  </site>
  <site>
    <name>172.16.102.126</name>
    <address>172.16.102.126</address>
    <port>21</port>
    <username>22</username>
    <password />
  </site>
  <site>
    <name>172.16.102.166</name>
    <address>172.16.102.166</address>
    <port>21</port>
    <username>book</username>
    <password>book</password>
  </site>
  <site>
    <name>172.16.102.170</name>
    <address>172.16.102.170</address>
    <port>21</port>
    <username>anonymous</username>
    <password />
  </site>
  <site>
    <name>172.16.11.133</name>
    <address>172.16.11.133</address>
    <port>21</port>
    <username>anonymous</username>
    <password />
  </site>
  <site>
    <name>172.16.11.31</name>
    <address>172.16.11.31</address>
    <port>21</port>
    <username>anonymous</username>
    <password />
  </site>
  <site>
    <name>everwood.3322.org</name>
    <address>everwood.3322.org</address>
    <port>21</port>
    <username>anonymous</username>
    <password />
  </site>
  <site>
    <name>everwood.3322.org</name>
    <address>everwood.3322.org</address>
    <port>21</port>
    <username>sub</username>
    <password>sub</password>
  </site>
  <site>
    <name>everwood.3322.org</name>
    <address>everwood.3322.org</address>
    <port>21</port>
    <username>download</username>
    <password>download</password>
  </site>
  <site>
    <name>172.16.112.229</name>
    <address>172.16.112.229</address>
    <port>21</port>
    <username>saber</username>
    <password>saber</password>
  </site>
  <site>
    <name>172.16.112.229</name>
    <address>172.16.112.229</address>
    <port>21</port>
    <username>games</username>
    <password>games</password>
  </site>
  <site>
    <name>172.16.112.229</name>
    <address>172.16.112.229</address>
    <port>21</port>
    <username>music</username>
    <password>music</password>
  </site>
  <site>
    <name>172.16.12.21</name>
    <address>172.16.12.21</address>
    <port>21</port>
    <username>402</username>
    <password>402</password>
  </site>
  <site>
    <name>172.16.12.32</name>
    <address>172.16.12.32</address>
    <port>21</port>
    <username>anonymous</username>
    <password />
  </site>
  <site>
    <name>172.16.13.130</name>
    <address>172.16.13.130</address>
    <port>21</port>
    <username>download</username>
    <password>download</password>
  </site>
  <site>
    <name>172.16.13.142</name>
    <address>172.16.13.142</address>
    <port>21</port>
    <username>movie</username>
    <password>movie</password>
  </site>
  <site>
    <name>172.16.13.142</name>
    <address>172.16.13.142</address>
    <port>21</port>
    <username>music</username>
    <password>music</password>
  </site>
  <site>
    <name>172.16.13.144</name>
    <address>172.16.13.144</address>
    <port>21</port>
    <username>anonymous</username>
    <password />
  </site>
  <site>
    <name>172.16.13.145</name>
    <address>172.16.13.145</address>
    <port>21</port>
    <username>anonymous</username>
    <password />
  </site>
  <site>
    <name>172.16.13.149</name>
    <address>172.16.13.149</address>
    <port>21</port>
    <username>lzl</username>
    <password>lzl</password>
  </site>
  <site>
    <name>172.16.13.16</name>
    <address>172.16.13.16</address>
    <port>21</port>
    <username>anonymous</username>
    <password />
  </site>
  <site>
    <name>172.16.13.2</name>
    <address>172.16.13.2</address>
    <port>21</port>
    <username>will</username>
    <password>will</password>
  </site>
  <site>
    <name>172.16.13.217</name>
    <address>172.16.13.217</address>
    <port>21</port>
    <username>anonymous</username>
    <password />
  </site>
  <site>
    <name>172.16.133.204</name>
    <address>172.16.133.204</address>
    <port>21</port>
    <username>down</username>
    <password>down</password>
  </site>
  <site>
    <name>172.16.134.75</name>
    <address>172.16.134.75</address>
    <port>2007</port>
    <username>Season</username>
    <password>Update</password>
  </site>
  <site>
    <name>172.16.13.46</name>
    <address>172.16.13.46</address>
    <port>21</port>
    <username>anonymous</username>
    <password />
  </site>
  <site>
    <name>172.16.13.52</name>
    <address>172.16.13.52</address>
    <port>21</port>
    <username>anonymous</username>
    <password />
  </site>
  <site>
    <name>172.16.13.59</name>
    <address>172.16.13.59</address>
    <port>21</port>
    <username>tts</username>
    <password>tts</password>
  </site>
  <site>
    <name>172.16.13.62</name>
    <address>172.16.13.62</address>
    <port>21</port>
    <username>llf</username>
    <password>1</password>
  </site>
  <site>
    <name>172.16.13.72</name>
    <address>172.16.13.72</address>
    <port>21</port>
    <username>anonymous</username>
    <password />
  </site>
  <site>
    <name>172.16.13.99</name>
    <address>172.16.13.99</address>
    <port>21</port>
    <username>sky</username>
    <password>sky</password>
  </site>
  <site>
    <name>172.16.138.207</name>
    <address>172.16.138.207</address>
    <port>21</port>
    <username>anonymous</username>
    <password />
  </site>
  <site>
    <name>172.16.143.194</name>
    <address>172.16.143.194</address>
    <port>21</port>
    <username>cido</username>
    <password>cido</password>
  </site>
  <site>
    <name>steamedfish.3322.org</name>
    <address>steamedfish.3322.org</address>
    <port>21</port>
    <username>anonymous</username>
    <password />
  </site>
  <site>
    <name>172.16.14.233</name>
    <address>172.16.14.233</address>
    <port>21</port>
    <username>down</username>
    <password>down</password>
  </site>
  <site>
    <name>172.16.143.163</name>
    <address>172.16.143.163</address>
    <port>21</port>
    <username>pili</username>
    <password>pili</password>
  </site>
  <site>
    <name>172.16.143.18</name>
    <address>172.16.143.18</address>
    <port>21</port>
    <username>anonymous</username>
    <password />
  </site>
  <site>
    <name>172.16.143.35</name>
    <address>172.16.143.35</address>
    <port>21</port>
    <username>yika</username>
    <password>yika</password>
  </site>
  <site>
    <name>172.16.1.45</name>
    <address>172.16.1.45</address>
    <port>21</port>
    <username>cjb</username>
    <password>cjb</password>
  </site>
  <site>
    <name>172.16.15.79</name>
    <address>172.16.15.79</address>
    <port>21</port>
    <username>anonymous</username>
    <password />
  </site>
  <site>
    <name>172.16.15.79</name>
    <address>172.16.15.79</address>
    <port>21</port>
    <username>temp</username>
    <password>temp</password>
  </site>
  <site>
    <name>172.16.15.79</name>
    <address>172.16.15.79</address>
    <port>21</port>
    <username>nju</username>
    <password>movie</password>
  </site>
  <site>
    <name>172.16.155.15</name>
    <address>172.16.155.15</address>
    <port>21</port>
    <username>tv</username>
    <password>tv</password>
  </site>
  <site>
    <name>172.16.16.115</name>
    <address>172.16.16.115</address>
    <port>21</port>
    <username>anonymous</username>
    <password />
  </site>
  <site>
    <name>172.16.16.220</name>
    <address>172.16.16.220</address>
    <port>21</port>
    <username>Njulssl</username>
    <password>Njulssl</password>
  </site>
  <site>
    <name>shantyy.3322.org</name>
    <address>shantyy.3322.org</address>
    <port>21</port>
    <username>njuls</username>
    <password>njuls</password>
  </site>
  <site>
    <name>172.16.16.135</name>
    <address>172.16.16.135</address>
    <port>21</port>
    <username>listeng</username>
    <password>listeng</password>
  </site>
  <site>
    <name>172.16.16.49</name>
    <address>172.16.16.49</address>
    <port>21</port>
    <username>down</username>
    <password>down</password>
  </site>
  <site>
    <name>172.16.17.196</name>
    <address>172.16.17.196</address>
    <port>21</port>
    <username>a</username>
    <password>a</password>
  </site>
  <site>
    <name>172.16.17.43</name>
    <address>172.16.17.43</address>
    <port>21</port>
    <username>anonymous</username>
    <password />
  </site>
  <site>
    <name>172.16.17.49</name>
    <address>172.16.17.49</address>
    <port>21</port>
    <username>up</username>
    <password>up</password>
  </site>
  <site>
    <name>172.16.17.62</name>
    <address>172.16.17.62</address>
    <port>21</port>
    <username>anonymous</username>
    <password />
  </site>
  <site>
    <name>172.16.17.74</name>
    <address>172.16.17.74</address>
    <port>21</port>
    <username>anonymous</username>
    <password />
  </site>
  <site>
    <name>172.16.18.102</name>
    <address>172.16.18.102</address>
    <port>21</port>
    <username>tv</username>
    <password>tv</password>
  </site>
  <site>
    <name>172.16.18.123</name>
    <address>172.16.18.123</address>
    <port>21</port>
    <username>anonymous</username>
    <password />
  </site>
  <site>
    <name>172.16.18.156</name>
    <address>172.16.18.156</address>
    <port>21</port>
    <username>jackie</username>
    <password>jackie</password>
  </site>
  <site>
    <name>172.16.18.161</name>
    <address>172.16.18.161</address>
    <port>21</port>
    <username>ly</username>
    <password>19821120</password>
  </site>
  <site>
    <name>172.16.18.18</name>
    <address>172.16.18.18</address>
    <port>21</port>
    <username>anonymous</username>
    <password />
  </site>
  <site>
    <name>172.16.18.199</name>
    <address>172.16.18.199</address>
    <port>21</port>
    <username>anonymous</username>
    <password />
  </site>
  <site>
    <name>172.16.18.60</name>
    <address>172.16.18.60</address>
    <port>21</port>
    <username>anonymous</username>
    <password />
  </site>
  <site>
    <name>172.16.18.60</name>
    <address>172.16.18.60</address>
    <port>21</port>
    <username>download</username>
    <password>download</password>
  </site>
  <site>
    <name>172.16.18.89</name>
    <address>172.16.18.89</address>
    <port>21</port>
    <username>anonymous</username>
    <password />
  </site>
  <site>
    <name>172.16.1.95</name>
    <address>172.16.1.95</address>
    <port>21</port>
    <username>anonymous</username>
    <password />
  </site>
  <site>
    <name>172.16.21.101</name>
    <address>172.16.21.101</address>
    <port>21</port>
    <username>anonymous</username>
    <password />
  </site>
  <site>
    <name>172.16.2.160</name>
    <address>172.16.2.160</address>
    <port>21</port>
    <username>public</username>
    <password>public</password>
  </site>
  <site>
    <name>172.16.21.170</name>
    <address>172.16.21.170</address>
    <port>21</port>
    <username>anonymous</username>
    <password />
  </site>
  <site>
    <name>172.16.21.202</name>
    <address>172.16.21.202</address>
    <port>21</port>
    <username>anonymous</username>
    <password />
  </site>
  <site>
    <name>172.16.21.222</name>
    <address>172.16.21.222</address>
    <port>21</port>
    <username>gis</username>
    <password>gis</password>
  </site>
  <site>
    <name>172.16.2.124</name>
    <address>172.16.2.124</address>
    <port>21</port>
    <username>woooo</username>
    <password>0320</password>
  </site>
  <site>
    <name>172.16.2.141</name>
    <address>172.16.2.141</address>
    <port>21</port>
    <username>anonymous</username>
    <password />
  </site>
  <site>
    <name>172.16.21.78</name>
    <address>172.16.21.78</address>
    <port>21</port>
    <username>anonymous</username>
    <password />
  </site>
  <site>
    <name>172.16.21.206</name>
    <address>172.16.21.206</address>
    <port>21</port>
    <username>anonymous</username>
    <password />
  </site>
  <site>
    <name>172.16.21.5</name>
    <address>172.16.21.5</address>
    <port>21</port>
    <username>anonymous</username>
    <password />
  </site>
  <site>
    <name>172.16.2.170</name>
    <address>172.16.2.170</address>
    <port>21</port>
    <username>movie</username>
    <password>movie</password>
  </site>
  <site>
    <name>172.16.2.196</name>
    <address>172.16.2.196</address>
    <port>21</port>
    <username>movie</username>
    <password>movie</password>
  </site>
  <site>
    <name>172.16.22.144</name>
    <address>172.16.22.144</address>
    <port>21</port>
    <username>anonymous</username>
    <password />
  </site>
  <site>
    <name>172.16.2.23</name>
    <address>172.16.2.23</address>
    <port>21</port>
    <username>anonymous</username>
    <password />
  </site>
  <site>
    <name>172.16.22.113</name>
    <address>172.16.22.113</address>
    <port>21</port>
    <username>anonymous</username>
    <password />
  </site>
  <site>
    <name>172.16.2.27</name>
    <address>172.16.2.27</address>
    <port>21</port>
    <username>anonymous</username>
    <password />
  </site>
  <site>
    <name>172.16.23.137</name>
    <address>172.16.23.137</address>
    <port>21</port>
    <username>anonymous</username>
    <password />
  </site>
  <site>
    <name>172.16.23.33</name>
    <address>172.16.23.33</address>
    <port>21</port>
    <username>forecast</username>
    <password>forecast</password>
  </site>
  <site>
    <name>172.16.23.65</name>
    <address>172.16.23.65</address>
    <port>21</port>
    <username>anonymous</username>
    <password />
  </site>
  <site>
    <name>172.16.23.65</name>
    <address>172.16.23.65</address>
    <port>21</port>
    <username>guqin</username>
    <password>guqin</password>
  </site>
  <site>
    <name>172.16.23.70</name>
    <address>172.16.23.70</address>
    <port>5188</port>
    <username>up</username>
    <password>up</password>
  </site>
  <site>
    <name>172.16.23.72</name>
    <address>172.16.23.72</address>
    <port>21</port>
    <username>anonymous</username>
    <password />
  </site>
  <site>
    <name>172.16.24.13</name>
    <address>172.16.24.13</address>
    <port>21</port>
    <username>anonymous</username>
    <password />
  </site>
  <site>
    <name>172.16.24.40</name>
    <address>172.16.24.40</address>
    <port>21</port>
    <username>anonymous</username>
    <password />
  </site>
  <site>
    <name>172.16.24.78</name>
    <address>172.16.24.78</address>
    <port>21</port>
    <username>anonymous</username>
    <password />
  </site>
  <site>
    <name>172.16.24.110</name>
    <address>172.16.24.110</address>
    <port>21</port>
    <username>anonymous</username>
    <password />
  </site>
  <site>
    <name>172.16.24.116</name>
    <address>172.16.24.116</address>
    <port>21</port>
    <username>download</username>
    <password>download</password>
  </site>
  <site>
    <name>172.16.24.164</name>
    <address>172.16.24.164</address>
    <port>21</port>
    <username>eeyh</username>
    <password>eeyh</password>
  </site>
  <site>
    <name>172.16.24.222</name>
    <address>172.16.24.222</address>
    <port>21</port>
    <username>anonymous</username>
    <password />
  </site>
  <site>
    <name>172.16.24.243</name>
    <address>172.16.24.243</address>
    <port>21</port>
    <username>anonymous</username>
    <password />
  </site>
  <site>
    <name>172.16.25.118</name>
    <address>172.16.25.118</address>
    <port>21</port>
    <username>anonymous</username>
    <password />
  </site>
  <site>
    <name>172.16.25.136</name>
    <address>172.16.25.136</address>
    <port>21</port>
    <username>anonymous</username>
    <password />
  </site>
  <site>
    <name>172.16.25.149</name>
    <address>172.16.25.149</address>
    <port>21</port>
    <username>atm</username>
    <password>atm</password>
  </site>
  <site>
    <name>172.16.25.149</name>
    <address>172.16.25.149</address>
    <port>21</port>
    <username>na</username>
    <password>na</password>
  </site>
  <site>
    <name>172.16.25.251</name>
    <address>172.16.25.251</address>
    <port>21</port>
    <username>da</username>
    <password>qi</password>
  </site>
  <site>
    <name>172.16.25.72</name>
    <address>172.16.25.72</address>
    <port>21</port>
    <username>down</username>
    <password />
  </site>
  <site>
    <name>172.16.2.54</name>
    <address>172.16.2.54</address>
    <port>21</port>
    <username>down</username>
    <password>down</password>
  </site>
  <site>
    <name>172.16.27.106</name>
    <address>172.16.27.106</address>
    <port>21</port>
    <username>anonymous</username>
    <password />
  </site>
  <site>
    <name>172.16.27.113</name>
    <address>172.16.27.113</address>
    <port>21</port>
    <username>anonymous</username>
    <password />
  </site>
  <site>
    <name>172.16.27.137</name>
    <address>172.16.27.137</address>
    <port>21</port>
    <username>anonymous</username>
    <password />
  </site>
  <site>
    <name>172.16.27.175</name>
    <address>172.16.27.175</address>
    <port>21</port>
    <username>weiqipdf</username>
    <password>weiqi</password>
  </site>
  <site>
    <name>172.16.27.175</name>
    <address>172.16.27.175</address>
    <port>21</port>
    <username>weiqivedio</username>
    <password>weiqi</password>
  </site>
  <site>
    <name>172.16.27.177</name>
    <address>172.16.27.177</address>
    <port>21</port>
    <username>anonymous</username>
    <password />
  </site>
  <site>
    <name>172.16.27.196</name>
    <address>172.16.27.196</address>
    <port>21</port>
    <username>anonymous</username>
    <password />
  </site>
  <site>
    <name>172.16.27.201</name>
    <address>172.16.27.201</address>
    <port>21</port>
    <username>anonymous</username>
    <password />
  </site>
  <site>
    <name>172.16.27.207</name>
    <address>172.16.27.207</address>
    <port>21</port>
    <username>anonymous</username>
    <password />
  </site>
  <site>
    <name>172.16.27.231</name>
    <address>172.16.27.231</address>
    <port>21</port>
    <username>physics</username>
    <password>physics</password>
  </site>
  <site>
    <name>172.16.27.3</name>
    <address>172.16.27.3</address>
    <port>21</port>
    <username>tennis</username>
    <password>tennis</password>
  </site>
  <site>
    <name>172.16.27.34</name>
    <address>172.16.27.34</address>
    <port>21</port>
    <username>zzz</username>
    <password>zzz</password>
  </site>
  <site>
    <name>172.16.27.68</name>
    <address>172.16.27.68</address>
    <port>21</port>
    <username>ad</username>
    <password>ad</password>
  </site>
  <site>
    <name>172.16.27.68</name>
    <address>172.16.27.68</address>
    <port>21</port>
    <username>movie</username>
    <password>movie</password>
  </site>
  <site>
    <name>172.16.27.68</name>
    <address>172.16.27.68</address>
    <port>21</port>
    <username>ost</username>
    <password>ost</password>
  </site>
  <site>
    <name>172.16.27.68</name>
    <address>172.16.27.68</address>
    <port>21</port>
    <username>ww2</username>
    <password>ww2</password>
  </site>
  <site>
    <name>172.16.27.72</name>
    <address>172.16.27.72</address>
    <port>21</port>
    <username>download</username>
    <password>download</password>
  </site>
  <site>
    <name>172.16.28.21</name>
    <address>172.16.28.21</address>
    <port>21</port>
    <username>anonymous</username>
    <password />
  </site>
  <site>
    <name>172.16.3.234</name>
    <address>172.16.3.234</address>
    <port>21</port>
    <username>anonymous</username>
    <password />
  </site>
  <site>
    <name>172.16.3.79</name>
    <address>172.16.3.79</address>
    <port>21</port>
    <username>yxf</username>
    <password>760321</password>
  </site>
  <site>
    <name>172.16.3.8</name>
    <address>172.16.3.8</address>
    <port>21</port>
    <username>soft</username>
    <password>lifeng</password>
  </site>
  <site>
    <name>172.16.3.8</name>
    <address>172.16.3.8</address>
    <port>21</port>
    <username>games</username>
    <password>lifeng</password>
  </site>
  <site>
    <name>172.16.30.10</name>
    <address>172.16.30.10</address>
    <port>21</port>
    <username>anonymous</username>
    <password />
  </site>
  <site>
    <name>172.16.30.100</name>
    <address>172.16.30.100</address>
    <port>21</port>
    <username>anonymous</username>
    <password />
  </site>
  <site>
    <name>172.16.30.111</name>
    <address>172.16.30.111</address>
    <port>21</port>
    <username>anonymous</username>
    <password />
  </site>
  <site>
    <name>172.16.30.116</name>
    <address>172.16.30.116</address>
    <port>21</port>
    <username>upload</username>
    <password>movie</password>
  </site>
  <site>
    <name>172.16.30.117</name>
    <address>172.16.30.117</address>
    <port>21</port>
    <username>movie</username>
    <password>movie</password>
  </site>
  <site>
    <name>172.16.30.128</name>
    <address>172.16.30.128</address>
    <port>21</port>
    <username>miss</username>
    <password>miss</password>
  </site>
  <site>
    <name>172.16.30.129</name>
    <address>172.16.30.129</address>
    <port>21</port>
    <username>music</username>
    <password>ape</password>
  </site>
  <site>
    <name>172.16.30.129</name>
    <address>172.16.30.129</address>
    <port>21</port>
    <username>list</username>
    <password>list</password>
  </site>
  <site>
    <name>172.16.30.141</name>
    <address>172.16.30.141</address>
    <port>21</port>
    <username>anonymous</username>
    <password />
  </site>
  <site>
    <name>172.16.30.15</name>
    <address>172.16.30.15</address>
    <port>21</port>
    <username>movie</username>
    <password>movie</password>
  </site>
  <site>
    <name>172.16.30.190</name>
    <address>172.16.30.190</address>
    <port>21</port>
    <username>anonymous</username>
    <password />
  </site>
  <site>
    <name>172.16.30.195</name>
    <address>172.16.30.195</address>
    <port>21</port>
    <username>my</username>
    <password>520</password>
  </site>
  <site>
    <name>172.16.30.200</name>
    <address>172.16.30.200</address>
    <port>21</port>
    <username>down</username>
    <password>down</password>
  </site>
  <site>
    <name>172.16.30.201</name>
    <address>172.16.30.201</address>
    <port>21</port>
    <username>ape</username>
    <password>ape</password>
  </site>
  <site>
    <name>172.16.30.235</name>
    <address>172.16.30.235</address>
    <port>21</port>
    <username>nju</username>
    <password>nju</password>
  </site>
  <site>
    <name>172.16.30.241</name>
    <address>172.16.30.241</address>
    <port>21</port>
    <username>anonymous</username>
    <password />
  </site>
  <site>
    <name>172.16.30.34</name>
    <address>172.16.30.34</address>
    <port>21</port>
    <username>down</username>
    <password>down</password>
  </site>
  <site>
    <name>172.16.30.44</name>
    <address>172.16.30.44</address>
    <port>21</port>
    <username>anonymous</username>
    <password />
  </site>
  <site>
    <name>172.16.30.62</name>
    <address>172.16.30.62</address>
    <port>21</port>
    <username>movie</username>
    <password>movie</password>
  </site>
  <site>
    <name>172.16.30.77</name>
    <address>172.16.30.77</address>
    <port>21</port>
    <username>download</username>
    <password>nju</password>
  </site>
  <site>
    <name>172.16.32.32</name>
    <address>172.16.32.32</address>
    <port>21</port>
    <username>anonymous</username>
    <password />
  </site>
  <site>
    <name>172.16.32.48</name>
    <address>172.16.32.48</address>
    <port>21</port>
    <username>anonymous</username>
    <password />
  </site>
  <site>
    <name>172.16.32.93</name>
    <address>172.16.32.93</address>
    <port>21</port>
    <username>anonymous</username>
    <password />
  </site>
  <site>
    <name>172.16.33.176</name>
    <address>172.16.33.176</address>
    <port>21</port>
    <username>guest</username>
    <password>guest</password>
  </site>
  <site>
    <name>172.16.33.176</name>
    <address>172.16.33.176</address>
    <port>21</port>
    <username>jptv</username>
    <password>jptv</password>
  </site>
  <site>
    <name>172.16.33.102</name>
    <address>172.16.33.102</address>
    <port>21</port>
    <username>download</username>
    <password>download</password>
  </site>
  <site>
    <name>172.16.33.2</name>
    <address>172.16.33.2</address>
    <port>21</port>
    <username>anonymous</username>
    <password />
  </site>
  <site>
    <name>172.16.33.28</name>
    <address>172.16.33.28</address>
    <port>21</port>
    <username>anonymous</username>
    <password />
  </site>
  <site>
    <name>172.16.33.29</name>
    <address>172.16.33.29</address>
    <port>21</port>
    <username>anonymous</username>
    <password />
  </site>
  <site>
    <name>172.16.33.65</name>
    <address>172.16.33.65</address>
    <port>21</port>
    <username>anonymous</username>
    <password />
  </site>
  <site>
    <name>172.16.34.118</name>
    <address>172.16.34.118</address>
    <port>21</port>
    <username>anonymous</username>
    <password />
  </site>
  <site>
    <name>172.16.34.185</name>
    <address>172.16.34.185</address>
    <port>21</port>
    <username>nju</username>
    <password>nju</password>
  </site>
  <site>
    <name>172.16.34.20</name>
    <address>172.16.34.20</address>
    <port>21</port>
    <username>tv</username>
    <password>tv</password>
  </site>
  <site>
    <name>172.16.35.15</name>
    <address>172.16.35.15</address>
    <port>21</port>
    <username>movie</username>
    <password>movie</password>
  </site>
  <site>
    <name>172.16.35.174</name>
    <address>172.16.35.174</address>
    <port>21</port>
    <username>anonymous</username>
    <password />
  </site>
  <site>
    <name>172.16.36.200</name>
    <address>172.16.36.200</address>
    <port>21</port>
    <username>anonymous</username>
    <password />
  </site>
  <site>
    <name>172.16.36.88</name>
    <address>172.16.36.88</address>
    <port>21</port>
    <username>anonymous</username>
    <password />
  </site>
  <site>
    <name>172.16.4.183</name>
    <address>172.16.4.183</address>
    <port>21</port>
    <username>anonymous</username>
    <password />
  </site>
  <site>
    <name>172.16.4.66</name>
    <address>172.16.4.66</address>
    <port>21</port>
    <username>movie</username>
    <password>movie</password>
  </site>
  <site>
    <name>172.16.40.6</name>
    <address>172.16.40.6</address>
    <port>21</port>
    <username>anonymous</username>
    <password />
  </site>
  <site>
    <name>172.16.48.18</name>
    <address>172.16.48.18</address>
    <port>21</port>
    <username>anonymous</username>
    <password />
  </site>
  <site>
    <name>172.16.48.52</name>
    <address>172.16.48.52</address>
    <port>21</port>
    <username>anonymous</username>
    <password />
  </site>
  <site>
    <name>172.16.48.52</name>
    <address>172.16.48.52</address>
    <port>21</port>
    <username>nju</username>
    <password>nju</password>
  </site>
  <site>
    <name>172.16.49.245</name>
    <address>172.16.49.245</address>
    <port>21</port>
    <username>down</username>
    <password>down</password>
  </site>
  <site>
    <name>172.16.49.77</name>
    <address>172.16.49.77</address>
    <port>21</port>
    <username>anonymous</username>
    <password />
  </site>
  <site>
    <name>172.16.50.11</name>
    <address>172.16.50.11</address>
    <port>21</port>
    <username>movie</username>
    <password>movie</password>
  </site>
  <site>
    <name>172.16.50.12</name>
    <address>172.16.50.12</address>
    <port>21</port>
    <username>anonymous</username>
    <password />
  </site>
  <site>
    <name>172.16.50.12</name>
    <address>172.16.50.12</address>
    <port>21</port>
    <username>upload</username>
    <password>upload</password>
  </site>
  <site>
    <name>172.16.50.12</name>
    <address>172.16.50.12</address>
    <port>21</port>
    <username>tw</username>
    <password>tw</password>
  </site>
  <site>
    <name>172.16.50.21</name>
    <address>172.16.50.21</address>
    <port>21</port>
    <username>hero</username>
    <password>hero</password>
  </site>
  <site>
    <name>172.16.50.23</name>
    <address>172.16.50.23</address>
    <port>21</port>
    <username>zh</username>
    <password>zh</password>
  </site>
  <site>
    <name>172.16.50.49</name>
    <address>172.16.50.49</address>
    <port>21</port>
    <username>movie</username>
    <password>movie</password>
  </site>
  <site>
    <name>172.16.50.49</name>
    <address>172.16.50.49</address>
    <port>21</port>
    <username>book</username>
    <password>book</password>
  </site>
  <site>
    <name>172.16.50.49</name>
    <address>172.16.50.49</address>
    <port>21</port>
    <username>music</username>
    <password>music</password>
  </site>
  <site>
    <name>172.16.50.58</name>
    <address>172.16.50.58</address>
    <port>21</port>
    <username>football</username>
    <password>football</password>
  </site>
  <site>
    <name>172.16.5.123</name>
    <address>172.16.5.123</address>
    <port>21</port>
    <username>anonymous</username>
    <password />
  </site>
  <site>
    <name>172.16.51.37</name>
    <address>172.16.51.37</address>
    <port>5858</port>
    <username>mtv</username>
    <password>mtv</password>
  </site>
  <site>
    <name>172.16.5.233</name>
    <address>172.16.5.233</address>
    <port>21</port>
    <username>anonymous</username>
    <password />
  </site>
  <site>
    <name>172.16.5.247</name>
    <address>172.16.5.247</address>
    <port>21</port>
    <username>comic</username>
    <password>comic</password>
  </site>
  <site>
    <name>172.16.5.247</name>
    <address>172.16.5.247</address>
    <port>21</port>
    <username>game</username>
    <password>game</password>
  </site>
  <site>
    <name>172.16.55.141</name>
    <address>172.16.55.141</address>
    <port>21</port>
    <username>load</username>
    <password>load</password>
  </site>
  <site>
    <name>172.16.57.16</name>
    <address>172.16.57.16</address>
    <port>21</port>
    <username>soft</username>
    <password>soft</password>
  </site>
  <site>
    <name>172.16.57.16</name>
    <address>172.16.57.16</address>
    <port>21</port>
    <username>down</username>
    <password>down</password>
  </site>
  <site>
    <name>172.16.57.16</name>
    <address>172.16.57.16</address>
    <port>21</port>
    <username>book</username>
    <password>book</password>
  </site>
  <site>
    <name>172.16.58.230</name>
    <address>172.16.58.230</address>
    <port>21</port>
    <username>anonymous</username>
    <password />
  </site>
  <site>
    <name>172.16.58.25</name>
    <address>172.16.58.25</address>
    <port>21</port>
    <username>00ci00</username>
    <password>00ci00</password>
  </site>
  <site>
    <name>172.16.6.144</name>
    <address>172.16.6.144</address>
    <port>21</port>
    <username>anonymous</username>
    <password />
  </site>
  <site>
    <name>172.16.6.171</name>
    <address>172.16.6.171</address>
    <port>21</port>
    <username>down</username>
    <password>load</password>
  </site>
  <site>
    <name>172.16.6.119</name>
    <address>172.16.6.119</address>
    <port>21</port>
    <username>atm</username>
    <password>atm</password>
  </site>
  <site>
    <name>172.16.6.184</name>
    <address>172.16.6.184</address>
    <port>21</port>
    <username>anonymous</username>
    <password />
  </site>
  <site>
    <name>172.16.6.18</name>
    <address>172.16.6.18</address>
    <port>21</port>
    <username>anonymous</username>
    <password />
  </site>
  <site>
    <name>172.16.6.207</name>
    <address>172.16.6.207</address>
    <port>21</port>
    <username>anonymous</username>
    <password />
  </site>
  <site>
    <name>172.16.6.221</name>
    <address>172.16.6.221</address>
    <port>21</port>
    <username>plan</username>
    <password>plan</password>
  </site>
  <site>
    <name>172.16.6.224</name>
    <address>172.16.6.224</address>
    <port>21</port>
    <username>nju</username>
    <password>nju</password>
  </site>
  <site>
    <name>172.16.6.238</name>
    <address>172.16.6.238</address>
    <port>21</port>
    <username>anonymous</username>
    <password />
  </site>
  <site>
    <name>172.16.6.35</name>
    <address>172.16.6.35</address>
    <port>21</port>
    <username>ykdy</username>
    <password>ykdy</password>
  </site>
  <site>
    <name>172.16.61.161</name>
    <address>172.16.61.161</address>
    <port>21</port>
    <username>anonymous</username>
    <password />
  </site>
  <site>
    <name>172.16.62.48</name>
    <address>172.16.62.48</address>
    <port>21</port>
    <username>zhou</username>
    <password>zhou</password>
  </site>
  <site>
    <name>172.16.64.164</name>
    <address>172.16.64.164</address>
    <port>21</port>
    <username>anonymous</username>
    <password />
  </site>
  <site>
    <name>172.16.64.167</name>
    <address>172.16.64.167</address>
    <port>21</port>
    <username>up</username>
    <password>up</password>
  </site>
  <site>
    <name>172.16.64.174</name>
    <address>172.16.64.174</address>
    <port>21</port>
    <username>guest</username>
    <password>guest</password>
  </site>
  <site>
    <name>172.16.64.175</name>
    <address>172.16.64.175</address>
    <port>21</port>
    <username>anonymous</username>
    <password />
  </site>
  <site>
    <name>172.16.64.189</name>
    <address>172.16.64.189</address>
    <port>21</port>
    <username>anonymous</username>
    <password />
  </site>
  <site>
    <name>172.16.64.215</name>
    <address>172.16.64.215</address>
    <port>21</port>
    <username>anonymous</username>
    <password />
  </site>
  <site>
    <name>172.16.64.215</name>
    <address>172.16.64.215</address>
    <port>21</port>
    <username>upload</username>
    <password>upload</password>
  </site>
  <site>
    <name>172.16.64.221</name>
    <address>172.16.64.221</address>
    <port>21</port>
    <username>film</username>
    <password>film</password>
  </site>
  <site>
    <name>172.16.64.225</name>
    <address>172.16.64.225</address>
    <port>21</port>
    <username>xjzhu</username>
    <password>xjzhu</password>
  </site>
  <site>
    <name>172.16.64.234</name>
    <address>172.16.64.234</address>
    <port>21</port>
    <username>anonymous</username>
    <password />
  </site>
  <site>
    <name>172.16.65.13</name>
    <address>172.16.65.13</address>
    <port>21</port>
    <username>down</username>
    <password>down</password>
  </site>
  <site>
    <name>172.16.65.123</name>
    <address>172.16.65.123</address>
    <port>21</port>
    <username>down</username>
    <password>down</password>
  </site>
  <site>
    <name>172.16.65.124</name>
    <address>172.16.65.124</address>
    <port>21</port>
    <username>anonymous</username>
    <password />
  </site>
  <site>
    <name>172.16.65.126</name>
    <address>172.16.65.126</address>
    <port>21</port>
    <username>anonymous</username>
    <password />
  </site>
  <site>
    <name>172.16.65.23</name>
    <address>172.16.65.23</address>
    <port>21</port>
    <username>down</username>
    <password>down</password>
  </site>
  <site>
    <name>172.16.65.235</name>
    <address>172.16.65.235</address>
    <port>21</port>
    <username>anonymous</username>
    <password />
  </site>
  <site>
    <name>172.16.65.73</name>
    <address>172.16.65.73</address>
    <port>21</port>
    <username>music</username>
    <password>music</password>
  </site>
  <site>
    <name>172.16.65.88</name>
    <address>172.16.65.88</address>
    <port>21</port>
    <username>anonymous</username>
    <password />
  </site>
  <site>
    <name>172.16.6.6</name>
    <address>172.16.6.6</address>
    <port>21</port>
    <username>anonymous</username>
    <password />
  </site>
  <site>
    <name>172.16.66.146</name>
    <address>172.16.66.146</address>
    <port>21</port>
    <username>anonymous</username>
    <password />
  </site>
  <site>
    <name>172.16.66.164</name>
    <address>172.16.66.164</address>
    <port>21</port>
    <username>anonymous</username>
    <password />
  </site>
  <site>
    <name>172.16.66.135</name>
    <address>172.16.66.135</address>
    <port>21</port>
    <username>temp</username>
    <password>temp</password>
  </site>
  <site>
    <name>172.16.66.171</name>
    <address>172.16.66.171</address>
    <port>21</port>
    <username>anonymous</username>
    <password />
  </site>
  <site>
    <name>172.16.66.99</name>
    <address>172.16.66.99</address>
    <port>21</port>
    <username>comic</username>
    <password>comic</password>
  </site>
  <site>
    <name>172.16.66.99</name>
    <address>172.16.66.99</address>
    <port>21</port>
    <username>upload</username>
    <password>upload</password>
  </site>
  <site>
    <name>172.16.6.68</name>
    <address>172.16.6.68</address>
    <port>21</port>
    <username>nju</username>
    <password>nju</password>
  </site>
  <site>
    <name>172.16.67.13</name>
    <address>172.16.67.13</address>
    <port>21</port>
    <username>anonymous</username>
    <password />
  </site>
  <site>
    <name>172.16.67.141</name>
    <address>172.16.67.141</address>
    <port>21</port>
    <username>anonymous</username>
    <password />
  </site>
  <site>
    <name>172.16.67.142</name>
    <address>172.16.67.142</address>
    <port>21</port>
    <username>nju</username>
    <password>nju</password>
  </site>
  <site>
    <name>172.16.67.154</name>
    <address>172.16.67.154</address>
    <port>8021</port>
    <username>virus</username>
    <password>virus</password>
  </site>
  <site>
    <name>172.16.67.165</name>
    <address>172.16.67.165</address>
    <port>21</port>
    <username>kenan</username>
    <password>kenan</password>
  </site>
  <site>
    <name>172.16.67.170</name>
    <address>172.16.67.170</address>
    <port>21</port>
    <username>365see</username>
    <password>365see</password>
  </site>
  <site>
    <name>172.16.67.170</name>
    <address>172.16.67.170</address>
    <port>21</port>
    <username>music</username>
    <password>music</password>
  </site>
  <site>
    <name>172.16.67.170</name>
    <address>172.16.67.170</address>
    <port>21</port>
    <username>anonymous</username>
    <password />
  </site>
  <site>
    <name>172.16.67.189</name>
    <address>172.16.67.189</address>
    <port>21</port>
    <username>anonymous</username>
    <password />
  </site>
  <site>
    <name>172.16.67.19</name>
    <address>172.16.67.19</address>
    <port>21</port>
    <username>pub</username>
    <password>pub</password>
  </site>
  <site>
    <name>172.16.67.196</name>
    <address>172.16.67.196</address>
    <port>21</port>
    <username>cjf</username>
    <password>cjf</password>
  </site>
  <site>
    <name>172.16.67.20</name>
    <address>172.16.67.20</address>
    <port>21</port>
    <username>anonymous</username>
    <password />
  </site>
  <site>
    <name>172.16.67.21</name>
    <address>172.16.67.21</address>
    <port>21</port>
    <username>up</username>
    <password>up</password>
  </site>
  <site>
    <name>172.16.67.225</name>
    <address>172.16.67.225</address>
    <port>21</port>
    <username>anonymous</username>
    <password />
  </site>
  <site>
    <name>172.16.67.44</name>
    <address>172.16.67.44</address>
    <port>21</port>
    <username>1231</username>
    <password />
  </site>
  <site>
    <name>172.16.67.49</name>
    <address>172.16.67.49</address>
    <port>21</port>
    <username>comic</username>
    <password>comic</password>
  </site>
  <site>
    <name>172.16.67.93</name>
    <address>172.16.67.93</address>
    <port>21</port>
    <username>anonymous</username>
    <password />
  </site>
  <site>
    <name>172.16.67.98</name>
    <address>172.16.67.98</address>
    <port>21</port>
    <username>anonymous</username>
    <password />
  </site>
  <site>
    <name>172.16.6.76</name>
    <address>172.16.6.76</address>
    <port>21</port>
    <username>down</username>
    <password>down</password>
  </site>
  <site>
    <name>172.16.69.139</name>
    <address>172.16.69.139</address>
    <port>21</port>
    <username>anonymous</username>
    <password />
  </site>
  <site>
    <name>172.16.69.140</name>
    <address>172.16.69.140</address>
    <port>21</port>
    <username>anonymous</username>
    <password />
  </site>
  <site>
    <name>172.16.69.201</name>
    <address>172.16.69.201</address>
    <port>21</port>
    <username>anonymous</username>
    <password />
  </site>
  <site>
    <name>172.16.69.207</name>
    <address>172.16.69.207</address>
    <port>21</port>
    <username>user</username>
    <password>user</password>
  </site>
  <site>
    <name>172.16.6.95</name>
    <address>172.16.6.95</address>
    <port>306</port>
    <username>barock</username>
    <password>barock</password>
  </site>
  <site>
    <name>172.16.72.22</name>
    <address>172.16.72.22</address>
    <port>5188</port>
    <username>F1</username>
    <password>F1</password>
  </site>
  <site>
    <name>172.16.70.212</name>
    <address>172.16.70.212</address>
    <port>5188</port>
    <username>up</username>
    <password>up</password>
  </site>
  <site>
    <name>172.16.7.118</name>
    <address>172.16.7.118</address>
    <port>21</port>
    <username>anonymous</username>
    <password />
  </site>
  <site>
    <name>172.16.72.19</name>
    <address>172.16.72.19</address>
    <port>21</port>
    <username>anonymous</username>
    <password />
  </site>
  <site>
    <name>172.16.72.19</name>
    <address>172.16.72.19</address>
    <port>21</port>
    <username>qiange</username>
    <password>qiange</password>
  </site>
  <site>
    <name>172.16.72.101</name>
    <address>172.16.72.101</address>
    <port>21</port>
    <username>5188</username>
    <password />
  </site>
  <site>
    <name>172.16.72.160</name>
    <address>172.16.72.160</address>
    <port>21</port>
    <username>anonymous</username>
    <password />
  </site>
  <site>
    <name>cinema.9966.org</name>
    <address>cinema.9966.org</address>
    <port>21</port>
    <username>cinema</username>
    <password>cinema</password>
  </site>
  <site>
    <name>172.16.72.33</name>
    <address>172.16.72.33</address>
    <port>21</port>
    <username>ykdy</username>
    <password>ykdy</password>
  </site>
  <site>
    <name>172.16.72.49</name>
    <address>172.16.72.49</address>
    <port>21</port>
    <username>soft</username>
    <password>soft</password>
  </site>
  <site>
    <name>172.16.72.49</name>
    <address>172.16.72.49</address>
    <port>21</port>
    <username>movie</username>
    <password>movie</password>
  </site>
  <site>
    <name>172.16.72.6</name>
    <address>172.16.72.6</address>
    <port>21</port>
    <username>book</username>
    <password>book</password>
  </site>
  <site>
    <name>172.16.72.75</name>
    <address>172.16.72.75</address>
    <port>55555</port>
    <username>vascular</username>
    <password>vascular</password>
  </site>
  <site>
    <name>172.16.73.170</name>
    <address>172.16.73.170</address>
    <port>21</port>
    <username>anonymous</username>
    <password />
  </site>
  <site>
    <name>172.16.73.180</name>
    <address>172.16.73.180</address>
    <port>21</port>
    <username>anonymous</username>
    <password />
  </site>
  <site>
    <name>172.16.74.213</name>
    <address>172.16.74.213</address>
    <port>21</port>
    <username>anonymous</username>
    <password />
  </site>
  <site>
    <name>172.16.74.94</name>
    <address>172.16.74.94</address>
    <port>21</port>
    <username>user</username>
    <password>user</password>
  </site>
  <site>
    <name>172.16.75.135</name>
    <address>172.16.75.135</address>
    <port>21</port>
    <username>anonymous</username>
    <password />
  </site>
  <site>
    <name>172.16.75.140</name>
    <address>172.16.75.140</address>
    <port>21</port>
    <username>opera</username>
    <password>opera</password>
  </site>
  <site>
    <name>172.16.75.140</name>
    <address>172.16.75.140</address>
    <port>21</port>
    <username>share</username>
    <password>share</password>
  </site>
  <site>
    <name>172.16.75.140</name>
    <address>172.16.75.140</address>
    <port>21</port>
    <username>ballet</username>
    <password>ballet</password>
  </site>
  <site>
    <name>172.16.75.154</name>
    <address>172.16.75.154</address>
    <port>21</port>
    <username>rise</username>
    <password>rise</password>
  </site>
  <site>
    <name>172.16.75.171</name>
    <address>172.16.75.171</address>
    <port>21</port>
    <username>wl</username>
    <password>wl</password>
  </site>
  <site>
    <name>172.16.75.175</name>
    <address>172.16.75.175</address>
    <port>21</port>
    <username>anonymous</username>
    <password />
  </site>
  <site>
    <name>172.16.75.188</name>
    <address>172.16.75.188</address>
    <port>21</port>
    <username>comic</username>
    <password>comic</password>
  </site>
  <site>
    <name>172.16.75.188</name>
    <address>172.16.75.188</address>
    <port>21</port>
    <username>game</username>
    <password>game</password>
  </site>
  <site>
    <name>172.16.75.209</name>
    <address>172.16.75.209</address>
    <port>21</port>
    <username>anonymous</username>
    <password />
  </site>
  <site>
    <name>172.16.75.211</name>
    <address>172.16.75.211</address>
    <port>21</port>
    <username>anonymous</username>
    <password />
  </site>
  <site>
    <name>172.16.75.226</name>
    <address>172.16.75.226</address>
    <port>21</port>
    <username>rise</username>
    <password>rise</password>
  </site>
  <site>
    <name>172.16.75.226</name>
    <address>172.16.75.226</address>
    <port>21</port>
    <username>rise2</username>
    <password>rise2</password>
  </site>
  <site>
    <name>172.16.77.90</name>
    <address>172.16.77.90</address>
    <port>21</port>
    <username>anonymous</username>
    <password />
  </site>
  <site>
    <name>172.16.77.121</name>
    <address>172.16.77.121</address>
    <port>21</port>
    <username>anonymous</username>
    <password />
  </site>
  <site>
    <name>172.16.77.123</name>
    <address>172.16.77.123</address>
    <port>21</port>
    <username>anonymous</username>
    <password />
  </site>
  <site>
    <name>172.16.78.118</name>
    <address>172.16.78.118</address>
    <port>21</port>
    <username>temp</username>
    <password>temp</password>
  </site>
  <site>
    <name>172.16.78.16</name>
    <address>172.16.78.16</address>
    <port>21</port>
    <username>anonymous</username>
    <password />
  </site>
  <site>
    <name>172.16.78.217</name>
    <address>172.16.78.217</address>
    <port>21</port>
    <username>download</username>
    <password>download</password>
  </site>
  <site>
    <name>172.16.78.75</name>
    <address>172.16.78.75</address>
    <port>21</port>
    <username>hd</username>
    <password>hd</password>
  </site>
  <site>
    <name>172.16.78.77</name>
    <address>172.16.78.77</address>
    <port>21</port>
    <username>nju</username>
    <password>nju</password>
  </site>
  <site>
    <name>172.16.79.59</name>
    <address>172.16.79.59</address>
    <port>21</port>
    <username>guest</username>
    <password>guest</password>
  </site>
  <site>
    <name>172.16.79.155</name>
    <address>172.16.79.155</address>
    <port>21</port>
    <username>anonymous</username>
    <password />
  </site>
  <site>
    <name>172.16.81.198</name>
    <address>172.16.81.198</address>
    <port>21</port>
    <username>anonymous</username>
    <password />
  </site>
  <site>
    <name>172.16.81.198</name>
    <address>172.16.81.198</address>
    <port>21</port>
    <username>basketball</username>
    <password>lanqiu</password>
  </site>
  <site>
    <name>172.16.82.10</name>
    <address>172.16.82.10</address>
    <port>21</port>
    <username>anonymous</username>
    <password />
  </site>
  <site>
    <name>172.16.83.13</name>
    <address>172.16.83.13</address>
    <port>21</port>
    <username>njucs</username>
    <password>njucs</password>
  </site>
  <site>
    <name>172.16.83.119</name>
    <address>172.16.83.119</address>
    <port>21</port>
    <username>njuzs</username>
    <password>njuzs</password>
  </site>
  <site>
    <name>172.16.83.202</name>
    <address>172.16.83.202</address>
    <port>21</port>
    <username>anonymous</username>
    <password />
  </site>
  <site>
    <name>172.16.85.252</name>
    <address>172.16.85.252</address>
    <port>21</port>
    <username>anonymous</username>
    <password />
  </site>
  <site>
    <name>172.16.85.4</name>
    <address>172.16.85.4</address>
    <port>21</port>
    <username>jj</username>
    <password>jj</password>
  </site>
  <site>
    <name>172.16.86.149</name>
    <address>172.16.86.149</address>
    <port>21</port>
    <username>friend</username>
    <password>summer</password>
  </site>
  <site>
    <name>172.16.87.119</name>
    <address>172.16.87.119</address>
    <port>21</port>
    <username>show</username>
    <password>show</password>
  </site>
  <site>
    <name>172.16.87.22</name>
    <address>172.16.87.22</address>
    <port>21</port>
    <username>comicdown</username>
    <password>comicdown</password>
  </site>
  <site>
    <name>172.16.87.22</name>
    <address>172.16.87.22</address>
    <port>21</port>
    <username>game</username>
    <password>game</password>
  </site>
  <site>
    <name>172.16.89.106</name>
    <address>172.16.89.106</address>
    <port>21</port>
    <username>lc</username>
    <password>lc</password>
  </site>
  <site>
    <name>172.16.9.28</name>
    <address>172.16.9.28</address>
    <port>21</port>
    <username>gis</username>
    <password>gis</password>
  </site>
  <site>
    <name>172.16.9.68</name>
    <address>172.16.9.68</address>
    <port>21</port>
    <username>heianyinyue</username>
    <password>movie</password>
  </site>
  <site>
    <name>172.16.9.125</name>
    <address>172.16.9.125</address>
    <port>21</port>
    <username>anonymous</username>
    <password />
  </site>
  <site>
    <name>172.16.90.116</name>
    <address>172.16.90.116</address>
    <port>21</port>
    <username>jtv</username>
    <password>jtv</password>
  </site>
  <site>
    <name>172.16.112.225</name>
    <address>172.16.112.225</address>
    <port>21</port>
    <username>anonymous</username>
    <password />
  </site>
  <site>
    <name>202.119.32.104</name>
    <address>202.119.32.104</address>
    <port>21</port>
    <username>yaoge123</username>
    <password>yaoge123</password>
  </site>
  <site>
    <name>202.119.32.104</name>
    <address>202.119.32.104</address>
    <port>21</port>
    <username>anonymous</username>
    <password />
  </site>
  <site>
    <name>202.119.32.110</name>
    <address>202.119.32.110</address>
    <port>21</port>
    <username>anonymous</username>
    <password />
  </site>
  <site>
    <name>202.119.32.179</name>
    <address>202.119.32.179</address>
    <port>21</port>
    <username>anonymous</username>
    <password />
  </site>
  <site>
    <name>202.119.32.139</name>
    <address>202.119.32.139</address>
    <port>21</port>
    <username>nju</username>
    <password>nju</password>
  </site>
  <site>
    <name>202.119.32.33</name>
    <address>202.119.32.33</address>
    <port>21</port>
    <username>nju</username>
    <password>nju</password>
  </site>
  <site>
    <name>202.119.33.74</name>
    <address>202.119.33.74</address>
    <port>21</port>
    <username>anonymous</username>
    <password />
  </site>
  <site>
    <name>202.119.33.87</name>
    <address>202.119.33.87</address>
    <port>21</port>
    <username>anonymous</username>
    <password />
  </site>
  <site>
    <name>202.119.33.99</name>
    <address>202.119.33.99</address>
    <port>21</port>
    <username>anonymous</username>
    <password />
  </site>
  <site>
    <name>202.119.34.18</name>
    <address>202.119.34.18</address>
    <port>21</port>
    <username>swim</username>
    <password>swim</password>
  </site>
  <site>
    <name>202.119.34.18</name>
    <address>202.119.34.18</address>
    <port>21</port>
    <username>down</username>
    <password>down</password>
  </site>
  <site>
    <name>202.119.34.208</name>
    <address>202.119.34.208</address>
    <port>21</port>
    <username>music</username>
    <password>music</password>
  </site>
  <site>
    <name>202.119.34.251</name>
    <address>202.119.34.251</address>
    <port>21</port>
    <username>anonymous</username>
    <password />
  </site>
  <site>
    <name>202.119.35.40</name>
    <address>202.119.35.40</address>
    <port>21</port>
    <username>download</username>
    <password>download</password>
  </site>
  <site>
    <name>202.119.36.135</name>
    <address>202.119.36.135</address>
    <port>21</port>
    <username>download</username>
    <password>music</password>
  </site>
  <site>
    <name>202.119.36.228</name>
    <address>202.119.36.228</address>
    <port>21</port>
    <username>gamer</username>
    <password>gamer</password>
  </site>
  <site>
    <name>202.119.36.233</name>
    <address>202.119.36.233</address>
    <port>21</port>
    <username>anonymous</username>
    <password />
  </site>
  <site>
    <name>202.119.36.244</name>
    <address>202.119.36.244</address>
    <port>21</port>
    <username>anonymous</username>
    <password />
  </site>
  <site>
    <name>202.119.38.26</name>
    <address>202.119.38.26</address>
    <port>21</port>
    <username>anonymous</username>
    <password />
  </site>
  <site>
    <name>202.119.38.2</name>
    <address>202.119.38.2</address>
    <port>21</port>
    <username>anonymous</username>
    <password />
  </site>
  <site>
    <name>202.119.38.3</name>
    <address>202.119.38.3</address>
    <port>21</port>
    <username>anonymous</username>
    <password />
  </site>
  <site>
    <name>202.119.38.4</name>
    <address>202.119.38.4</address>
    <port>21</port>
    <username>anonymous</username>
    <password />
  </site>
  <site>
    <name>202.119.39.61</name>
    <address>202.119.39.61</address>
    <port>2121</port>
    <username>magicgiant</username>
    <password>magicgiant</password>
  </site>
  <site>
    <name>202.119.40.46</name>
    <address>202.119.40.46</address>
    <port>21</port>
    <username>mpadown</username>
    <password>mpadown</password>
  </site>
  <site>
    <name>202.119.40.46</name>
    <address>202.119.40.46</address>
    <port>21</port>
    <username>down</username>
    <password>down</password>
  </site>
  <site>
    <name>202.119.43.22</name>
    <address>202.119.43.22</address>
    <port>21</port>
    <username>anonymous</username>
    <password />
  </site>
  <site>
    <name>202.119.43.23</name>
    <address>202.119.43.23</address>
    <port>21</port>
    <username>anonymous</username>
    <password />
  </site>
  <site>
    <name>202.119.43.48</name>
    <address>202.119.43.48</address>
    <port>21</port>
    <username>anonymous</username>
    <password />
  </site>
  <site>
    <name>202.119.43.60</name>
    <address>202.119.43.60</address>
    <port>21</port>
    <username>anonymous</username>
    <password />
  </site>
  <site>
    <name>202.119.43.88</name>
    <address>202.119.43.88</address>
    <port>21</port>
    <username>anonymous</username>
    <password />
  </site>
  <site>
    <name>202.119.43.110</name>
    <address>202.119.43.110</address>
    <port>21</port>
    <username>anonymous</username>
    <password />
  </site>
  <site>
    <name>202.119.43.148</name>
    <address>202.119.43.148</address>
    <port>21</port>
    <username>bbc</username>
    <password>bbc</password>
  </site>
  <site>
    <name>202.119.43.155</name>
    <address>202.119.43.155</address>
    <port>21</port>
    <username>anonymous</username>
    <password />
  </site>
  <site>
    <name>202.119.43.155</name>
    <address>202.119.43.155</address>
    <port>21</port>
    <username>m</username>
    <password>m</password>
  </site>
  <site>
    <name>202.119.43.155</name>
    <address>202.119.43.155</address>
    <port>21</port>
    <username>a</username>
    <password>a</password>
  </site>
  <site>
    <name>202.119.43.210</name>
    <address>202.119.43.210</address>
    <port>21</port>
    <username>down</username>
    <password>down</password>
  </site>
  <site>
    <name>202.119.43.218</name>
    <address>202.119.43.218</address>
    <port>21</port>
    <username>anonymous</username>
    <password />
  </site>
  <site>
    <name>202.119.43.22</name>
    <address>202.119.43.22</address>
    <port>21</port>
    <username>anonymous</username>
    <password />
  </site>
  <site>
    <name>202.119.43.250</name>
    <address>202.119.43.250</address>
    <port>21</port>
    <username>anonymous</username>
    <password />
  </site>
  <site>
    <name>202.119.43.254</name>
    <address>202.119.43.254</address>
    <port>21</port>
    <username>anonymous</username>
    <password />
  </site>
  <site>
    <name>202.119.43.74</name>
    <address>202.119.43.74</address>
    <port>21</port>
    <username>anonymous</username>
    <password />
  </site>
  <site>
    <name>202.119.44.168</name>
    <address>202.119.44.168</address>
    <port>21</port>
    <username>anonymous</username>
    <password />
  </site>
  <site>
    <name>202.119.44.17</name>
    <address>202.119.44.17</address>
    <port>21</port>
    <username>anonymous</username>
    <password />
  </site>
  <site>
    <name>202.119.44.24</name>
    <address>202.119.44.24</address>
    <port>21</port>
    <username>public</username>
    <password>down</password>
  </site>
  <site>
    <name>202.119.44.30</name>
    <address>202.119.44.30</address>
    <port>21</port>
    <username>tv</username>
    <password>download</password>
  </site>
  <site>
    <name>202.119.44.35</name>
    <address>202.119.44.35</address>
    <port>21</port>
    <username>anonymous</username>
    <password />
  </site>
  <site>
    <name>202.119.44.79</name>
    <address>202.119.44.79</address>
    <port>21</port>
    <username>anonymous</username>
    <password />
  </site>
  <site>
    <name>202.119.44.7</name>
    <address>202.119.44.7</address>
    <port>21</port>
    <username>anonymous</username>
    <password />
  </site>
  <site>
    <name>202.119.45.10</name>
    <address>202.119.45.10</address>
    <port>21</port>
    <username>anonymous</username>
    <password />
  </site>
  <site>
    <name>202.119.45.123</name>
    <address>202.119.45.123</address>
    <port>21</port>
    <username>miss</username>
    <password>miss</password>
  </site>
  <site>
    <name>202.119.45.123</name>
    <address>202.119.45.123</address>
    <port>21</port>
    <username>movie</username>
    <password>movie</password>
  </site>
  <site>
    <name>202.119.45.123</name>
    <address>202.119.45.123</address>
    <port>21</port>
    <username>comic</username>
    <password>comic</password>
  </site>
  <site>
    <name>202.119.45.131</name>
    <address>202.119.45.131</address>
    <port>21</port>
    <username>anonymous</username>
    <password />
  </site>
  <site>
    <name>202.119.45.133</name>
    <address>202.119.45.133</address>
    <port>21</port>
    <username>movie</username>
    <password>movie</password>
  </site>
  <site>
    <name>202.119.45.151</name>
    <address>202.119.45.151</address>
    <port>21</port>
    <username>anonymous</username>
    <password />
  </site>
  <site>
    <name>202.119.45.155</name>
    <address>202.119.45.155</address>
    <port>21</port>
    <username>anonymous</username>
    <password />
  </site>
  <site>
    <name>202.119.45.164</name>
    <address>202.119.45.164</address>
    <port>21</port>
    <username>anonymous</username>
    <password />
  </site>
  <site>
    <name>202.119.45.164</name>
    <address>202.119.45.164</address>
    <port>21</port>
    <username>movie</username>
    <password>movie</password>
  </site>
  <site>
    <name>202.119.45.169</name>
    <address>202.119.45.169</address>
    <port>21</port>
    <username>abroad</username>
    <password>offer</password>
  </site>
  <site>
    <name>202.119.45.185</name>
    <address>202.119.45.185</address>
    <port>21</port>
    <username>book</username>
    <password>physics</password>
  </site>
  <site>
    <name>202.119.45.200</name>
    <address>202.119.45.200</address>
    <port>21</port>
    <username>down</username>
    <password>down</password>
  </site>
  <site>
    <name>202.119.45.236</name>
    <address>202.119.45.236</address>
    <port>1021</port>
    <username>jeans236</username>
    <password>jeans236</password>
  </site>
  <site>
    <name>202.119.45.236</name>
    <address>202.119.45.236</address>
    <port>21</port>
    <username>1021</username>
    <password />
  </site>
  <site>
    <name>202.119.45.250</name>
    <address>202.119.45.250</address>
    <port>21</port>
    <username>nju</username>
    <password>nju</password>
  </site>
  <site>
    <name>202.119.45.33</name>
    <address>202.119.45.33</address>
    <port>21</port>
    <username>skating</username>
    <password>skating</password>
  </site>
  <site>
    <name>202.119.45.37</name>
    <address>202.119.45.37</address>
    <port>21</port>
    <username>anonymous</username>
    <password />
  </site>
  <site>
    <name>202.119.45.74</name>
    <address>202.119.45.74</address>
    <port>21</port>
    <username>anonymous</username>
    <password />
  </site>
  <site>
    <name>202.119.45.76</name>
    <address>202.119.45.76</address>
    <port>21</port>
    <username>anonymous</username>
    <password />
  </site>
  <site>
    <name>202.119.45.77</name>
    <address>202.119.45.77</address>
    <port>21</port>
    <username>anonymous</username>
    <password />
  </site>
  <site>
    <name>202.119.45.78</name>
    <address>202.119.45.78</address>
    <port>21</port>
    <username>anonymous</username>
    <password />
  </site>
  <site>
    <name>202.119.45.78</name>
    <address>202.119.45.78</address>
    <port>21</port>
    <username>up</username>
    <password>up</password>
  </site>
  <site>
    <name>202.119.45.80</name>
    <address>202.119.45.80</address>
    <port>23057</port>
    <username>ape</username>
    <password>ape</password>
  </site>
  <site>
    <name>202.119.45.84</name>
    <address>202.119.45.84</address>
    <port>4444</port>
    <username>findoliver74</username>
    <password>findoliver74</password>
  </site>
  <site>
    <name>202.119.45.87</name>
    <address>202.119.45.87</address>
    <port>21</port>
    <username>anonymous</username>
    <password />
  </site>
  <site>
    <name>202.119.46.100</name>
    <address>202.119.46.100</address>
    <port>21</port>
    <username>anonymous</username>
    <password />
  </site>
  <site>
    <name>202.119.46.13</name>
    <address>202.119.46.13</address>
    <port>21</port>
    <username>anonymous</username>
    <password />
  </site>
  <site>
    <name>202.119.46.130</name>
    <address>202.119.46.130</address>
    <port>21</port>
    <username>down</username>
    <password>down</password>
  </site>
  <site>
    <name>202.119.46.137</name>
    <address>202.119.46.137</address>
    <port>21</port>
    <username>download</username>
    <password>download</password>
  </site>
  <site>
    <name>202.119.46.151</name>
    <address>202.119.46.151</address>
    <port>21</port>
    <username>anonymous</username>
    <password />
  </site>
  <site>
    <name>202.119.46.159</name>
    <address>202.119.46.159</address>
    <port>21</port>
    <username>anonymous</username>
    <password />
  </site>
  <site>
    <name>202.119.46.165</name>
    <address>202.119.46.165</address>
    <port>1021</port>
    <username>downloads</username>
    <password>downloads</password>
  </site>
  <site>
    <name>202.119.46.165</name>
    <address>202.119.46.165</address>
    <port>1021</port>
    <username>guoguang</username>
    <password>guoguang</password>
  </site>
  <site>
    <name>202.119.46.165</name>
    <address>202.119.46.165</address>
    <port>1021</port>
    <username>inter</username>
    <password>inter</password>
  </site>
  <site>
    <name>202.119.46.174</name>
    <address>202.119.46.174</address>
    <port>21</port>
    <username>down</username>
    <password>down</password>
  </site>
  <site>
    <name>202.119.46.190</name>
    <address>202.119.46.190</address>
    <port>21</port>
    <username>anonymous</username>
    <password />
  </site>
  <site>
    <name>202.119.46.193</name>
    <address>202.119.46.193</address>
    <port>21</port>
    <username>anonymous</username>
    <password />
  </site>
  <site>
    <name>202.119.46.193</name>
    <address>202.119.46.193</address>
    <port>21</port>
    <username>relax</username>
    <password>21</password>
  </site>
  <site>
    <name>202.119.46.199</name>
    <address>202.119.46.199</address>
    <port>21</port>
    <username>anonymous</username>
    <password />
  </site>
  <site>
    <name>202.119.46.21</name>
    <address>202.119.46.21</address>
    <port>21</port>
    <username>anonymous</username>
    <password />
  </site>
  <site>
    <name>202.119.46.21</name>
    <address>202.119.46.21</address>
    <port>21</port>
    <username>books</username>
    <password>books</password>
  </site>
  <site>
    <name>202.119.46.213</name>
    <address>202.119.46.213</address>
    <port>21</port>
    <username>anonymous</username>
    <password />
  </site>
  <site>
    <name>202.119.46.23</name>
    <address>202.119.46.23</address>
    <port>21</port>
    <username>comic</username>
    <password />
  </site>
  <site>
    <name>202.119.46.233</name>
    <address>202.119.46.233</address>
    <port>21</port>
    <username>anonymous</username>
    <password />
  </site>
  <site>
    <name>202.119.46.234</name>
    <address>202.119.46.234</address>
    <port>21</port>
    <username>anonymous</username>
    <password />
  </site>
  <site>
    <name>202.119.46.241</name>
    <address>202.119.46.241</address>
    <port>21</port>
    <username>a</username>
    <password>a</password>
  </site>
  <site>
    <name>202.119.46.243</name>
    <address>202.119.46.243</address>
    <port>21</port>
    <username>anonymous</username>
    <password />
  </site>
  <site>
    <name>202.119.46.245</name>
    <address>202.119.46.245</address>
    <port>21</port>
    <username>movie</username>
    <password>movie</password>
  </site>
  <site>
    <name>202.119.46.245</name>
    <address>202.119.46.245</address>
    <port>21</port>
    <username>tv</username>
    <password>tv</password>
  </site>
  <site>
    <name>202.119.46.254</name>
    <address>202.119.46.254</address>
    <port>21</port>
    <username>anonymous</username>
    <password />
  </site>
  <site>
    <name>202.119.46.31</name>
    <address>202.119.46.31</address>
    <port>21</port>
    <username>anonymous</username>
    <password />
  </site>
  <site>
    <name>202.119.46.49</name>
    <address>202.119.46.49</address>
    <port>21</port>
    <username>movie</username>
    <password>movie</password>
  </site>
  <site>
    <name>202.119.46.4</name>
    <address>202.119.46.4</address>
    <port>21</port>
    <username>anonymous</username>
    <password />
  </site>
  <site>
    <name>202.119.46.4</name>
    <address>202.119.46.4</address>
    <port>21</port>
    <username>wyn</username>
    <password>wyn</password>
  </site>
  <site>
    <name>202.119.46.50</name>
    <address>202.119.46.50</address>
    <port>21</port>
    <username>game</username>
    <password>game</password>
  </site>
  <site>
    <name>202.119.46.55</name>
    <address>202.119.46.55</address>
    <port>21</port>
    <username>anonymous</username>
    <password />
  </site>
  <site>
    <name>202.119.46.7</name>
    <address>202.119.46.7</address>
    <port>21</port>
    <username>anonymous</username>
    <password />
  </site>
  <site>
    <name>202.119.46.7</name>
    <address>202.119.46.7</address>
    <port>21</port>
    <username>movie</username>
    <password>movie</password>
  </site>
  <site>
    <name>202.119.47.244</name>
    <address>202.119.47.244</address>
    <port>21</port>
    <username>anonymous</username>
    <password />
  </site>
  <site>
    <name>202.119.48.211</name>
    <address>202.119.48.211</address>
    <port>21</port>
    <username>njucs</username>
    <password>njucs</password>
  </site>
  <site>
    <name>202.119.49.135</name>
    <address>202.119.49.135</address>
    <port>21</port>
    <username>download</username>
    <password>download</password>
  </site>
  <site>
    <name>202.119.49.173</name>
    <address>202.119.49.173</address>
    <port>21</port>
    <username>nju</username>
    <password>nju</password>
  </site>
  <site>
    <name>202.119.49.181</name>
    <address>202.119.49.181</address>
    <port>21</port>
    <username>8821</username>
    <password />
  </site>
  <site>
    <name>202.119.49.207</name>
    <address>202.119.49.207</address>
    <port>21</port>
    <username>anonymous</username>
    <password />
  </site>
  <site>
    <name>202.119.49.211</name>
    <address>202.119.49.211</address>
    <port>21</port>
    <username>anonymous</username>
    <password />
  </site>
  <site>
    <name>202.119.49.51</name>
    <address>202.119.49.51</address>
    <port>21</port>
    <username>anonymous</username>
    <password />
  </site>
  <site>
    <name>202.119.49.83</name>
    <address>202.119.49.83</address>
    <port>21</port>
    <username>anonymous</username>
    <password />
  </site>
  <site>
    <name>202.119.49.99</name>
    <address>202.119.49.99</address>
    <port>21</port>
    <username>anonymous</username>
    <password />
  </site>
  <site>
    <name>202.119.51.101</name>
    <address>202.119.51.101</address>
    <port>21</port>
    <username>anonymous</username>
    <password />
  </site>
  <site>
    <name>202.119.51.102</name>
    <address>202.119.51.102</address>
    <port>21</port>
    <username>anonymous</username>
    <password />
  </site>
  <site>
    <name>202.119.51.107</name>
    <address>202.119.51.107</address>
    <port>21</port>
    <username>Mu</username>
    <password>Champion</password>
  </site>
  <site>
    <name>202.119.51.48</name>
    <address>202.119.51.48</address>
    <port>21</port>
    <username>down</username>
    <password>down</password>
  </site>
  <site>
    <name>202.119.51.55</name>
    <address>202.119.51.55</address>
    <port>21</port>
    <username>anonymous</username>
    <password />
  </site>
  <site>
    <name>202.119.51.80</name>
    <address>202.119.51.80</address>
    <port>21</port>
    <username>anonymous</username>
    <password />
  </site>
  <site>
    <name>202.119.52.119</name>
    <address>202.119.52.119</address>
    <port>21</port>
    <username>anonymous</username>
    <password />
  </site>
  <site>
    <name>202.119.52.126</name>
    <address>202.119.52.126</address>
    <port>21</port>
    <username>tv</username>
    <password>tv</password>
  </site>
  <site>
    <name>202.119.52.129</name>
    <address>202.119.52.129</address>
    <port>21</port>
    <username>anonymous</username>
    <password />
  </site>
  <site>
    <name>202.119.52.250</name>
    <address>202.119.52.250</address>
    <port>21</port>
    <username>anonymous</username>
    <password />
  </site>
  <site>
    <name>202.119.53.19</name>
    <address>202.119.53.19</address>
    <port>21</port>
    <username>anonymous</username>
    <password />
  </site>
  <site>
    <name>202.119.54.112</name>
    <address>202.119.54.112</address>
    <port>21</port>
    <username>anonymous</username>
    <password />
  </site>
  <site>
    <name>202.119.54.115</name>
    <address>202.119.54.115</address>
    <port>21</port>
    <username>bioinfo</username>
    <password>bioinfo</password>
  </site>
  <site>
    <name>202.119.58.2</name>
    <address>202.119.58.2</address>
    <port>21</port>
    <username>down</username>
    <password>down</password>
  </site>
  <site>
    <name>202.119.59.51</name>
    <address>202.119.59.51</address>
    <port>21</port>
    <username>anonymous</username>
    <password />
  </site>
  <site>
    <name>202.119.60.132</name>
    <address>202.119.60.132</address>
    <port>21</port>
    <username>anonymous</username>
    <password />
  </site>
  <site>
    <name>202.119.63.10</name>
    <address>202.119.63.10</address>
    <port>21</port>
    <username>nju</username>
    <password>nju</password>
  </site>
  <site>
    <name>202.119.63.25</name>
    <address>202.119.63.25</address>
    <port>21</port>
    <username>guest</username>
    <password>guest</password>
  </site>
  <site>
    <name>202.119.63.111</name>
    <address>202.119.63.111</address>
    <port>21</port>
    <username>down</username>
    <password>down</password>
  </site>
  <site>
    <name>202.119.63.63</name>
    <address>202.119.63.63</address>
    <port>21</port>
    <username>msedown</username>
    <password>msedown</password>
  </site>
  <site>
    <name>202.119.63.71</name>
    <address>202.119.63.71</address>
    <port>21</port>
    <username>anonymous</username>
    <password />
  </site>
  <site>
    <name>202.119.63.80</name>
    <address>202.119.63.80</address>
    <port>21</port>
    <username>movie</username>
    <password>movie</password>
  </site>
  <site>
    <name>202.119.63.81</name>
    <address>202.119.63.81</address>
    <port>21</port>
    <username>a</username>
    <password>a</password>
  </site>
  <site>
    <name>202.119.63.99</name>
    <address>202.119.63.99</address>
    <port>21</port>
    <username>anonymous</username>
    <password />
  </site>
  <site>
    <name>210.28.129.12</name>
    <address>210.28.129.12</address>
    <port>21</port>
    <username>anonymous</username>
    <password />
  </site>
  <site>
    <name>210.28.130.139</name>
    <address>210.28.130.139</address>
    <port>21</port>
    <username>anonymous</username>
    <password />
  </site>
  <site>
    <name>210.28.130.166</name>
    <address>210.28.130.166</address>
    <port>21</port>
    <username>download</username>
    <password>download</password>
  </site>
  <site>
    <name>210.28.130.216</name>
    <address>210.28.130.216</address>
    <port>21</port>
    <username>jzahoward</username>
    <password>jzahoward</password>
  </site>
  <site>
    <name>210.28.130.238</name>
    <address>210.28.130.238</address>
    <port>21</port>
    <username>anonymous</username>
    <password />
  </site>
  <site>
    <name>210.28.131.81</name>
    <address>210.28.131.81</address>
    <port>21</port>
    <username>anonymous</username>
    <password />
  </site>
  <site>
    <name>210.28.131.97</name>
    <address>210.28.131.97</address>
    <port>21</port>
    <username>anonymous</username>
    <password />
  </site>
  <site>
    <name>210.28.131.247</name>
    <address>210.28.131.247</address>
    <port>21</port>
    <username>anonymous</username>
    <password />
  </site>
  <site>
    <name>210.28.131.170</name>
    <address>210.28.131.170</address>
    <port>21</port>
    <username>movie</username>
    <password>movie</password>
  </site>
  <site>
    <name>210.28.131.170</name>
    <address>210.28.131.170</address>
    <port>21</port>
    <username>RedDevils</username>
    <password>RedDevils</password>
  </site>
  <site>
    <name>210.28.132.111</name>
    <address>210.28.132.111</address>
    <port>21</port>
    <username>euro2008</username>
    <password>euro2008</password>
  </site>
  <site>
    <name>210.28.132.126</name>
    <address>210.28.132.126</address>
    <port>21</port>
    <username>anonymous</username>
    <password />
  </site>
  <site>
    <name>210.28.132.191</name>
    <address>210.28.132.191</address>
    <port>21</port>
    <username>down</username>
    <password>down</password>
  </site>
  <site>
    <name>210.28.132.191</name>
    <address>210.28.132.191</address>
    <port>21</port>
    <username>software</username>
    <password>software</password>
  </site>
  <site>
    <name>210.28.132.2</name>
    <address>210.28.132.2</address>
    <port>21</port>
    <username>anonymous</username>
    <password />
  </site>
  <site>
    <name>210.28.132.21</name>
    <address>210.28.132.21</address>
    <port>21</port>
    <username>anonymous</username>
    <password />
  </site>
  <site>
    <name>210.28.132.21</name>
    <address>210.28.132.21</address>
    <port>21</port>
    <username>movie</username>
    <password>movie</password>
  </site>
  <site>
    <name>210.28.132.87</name>
    <address>210.28.132.87</address>
    <port>21</port>
    <username>njupub</username>
    <password>down</password>
  </site>
  <site>
    <name>210.28.132.99</name>
    <address>210.28.132.99</address>
    <port>21</port>
    <username>upload</username>
    <password>upload</password>
  </site>
  <site>
    <name>210.28.133.139</name>
    <address>210.28.133.139</address>
    <port>21</port>
    <username>essi</username>
    <password>essi</password>
  </site>
  <site>
    <name>210.28.133.139</name>
    <address>210.28.133.139</address>
    <port>21</port>
    <username>anonymous</username>
    <password />
  </site>
  <site>
    <name>210.28.134.251</name>
    <address>210.28.134.251</address>
    <port>21</port>
    <username>anonymous</username>
    <password />
  </site>
  <site>
    <name>210.28.138.168</name>
    <address>210.28.138.168</address>
    <port>21</port>
    <username>15521</username>
    <password />
  </site>
  <site>
    <name>210.28.138.168</name>
    <address>210.28.138.168</address>
    <port>15521</port>
    <username>download</username>
    <password>download</password>
  </site>
  <site>
    <name>210.28.138.36</name>
    <address>210.28.138.36</address>
    <port>21</port>
    <username>lifeng</username>
    <password>lifeng</password>
  </site>
  <site>
    <name>210.28.138.36</name>
    <address>210.28.138.36</address>
    <port>21</port>
    <username>upload</username>
    <password>lifeng</password>
  </site>
  <site>
    <name>210.28.141.191</name>
    <address>210.28.141.191</address>
    <port>21</port>
    <username>anonymous</username>
    <password />
  </site>
  <site>
    <name>210.28.141.141</name>
    <address>210.28.141.141</address>
    <port>21</port>
    <username>anonymous</username>
    <password />
  </site>
  <site>
    <name>210.28.141.46</name>
    <address>210.28.141.46</address>
    <port>21</port>
    <username>user</username>
    <password>user</password>
  </site>
  <site>
    <name>210.28.141.65</name>
    <address>210.28.141.65</address>
    <port>21</port>
    <username>anonymous</username>
    <password />
  </site>
  <site>
    <name>210.28.141.74</name>
    <address>210.28.141.74</address>
    <port>21</port>
    <username>anonymous</username>
    <password />
  </site>
  <site>
    <name>210.28.141.73</name>
    <address>210.28.141.73</address>
    <port>21</port>
    <username>down</username>
    <password>down</password>
  </site>
  <site>
    <name>210.28.141.76</name>
    <address>210.28.141.76</address>
    <port>21</port>
    <username>piano</username>
    <password>piano</password>
  </site>
  <site>
    <name>210.28.141.191</name>
    <address>210.28.141.191</address>
    <port>21</port>
    <username>anonymous</username>
    <password />
  </site>
  <site>
    <name>210.28.143.138</name>
    <address>210.28.143.138</address>
    <port>21</port>
    <username>ddckk</username>
    <password>kkcdd</password>
  </site>
  <site>
    <name>210.28.143.172</name>
    <address>210.28.143.172</address>
    <port>21</port>
    <username>anonymous</username>
    <password />
  </site>
  <site>
    <name>210.29.240.244</name>
    <address>210.29.240.244</address>
    <port>21</port>
    <username>anonymous</username>
    <password />
  </site>
  <site>
    <name>210.29.240.244</name>
    <address>210.29.240.244</address>
    <port>21</port>
    <username>fill</username>
    <password>fill</password>
  </site>
  <site>
    <name>210.29.240.254</name>
    <address>210.29.240.254</address>
    <port>21</port>
    <username>anonymous</username>
    <password />
  </site>
  <site>
    <name>210.29.241.220</name>
    <address>210.29.241.220</address>
    <port>21</port>
    <username>njulaw</username>
    <password>njulaw</password>
  </site>
  <site>
    <name>210.29.241.250</name>
    <address>210.29.241.250</address>
    <port>21</port>
    <username>ww</username>
    <password>ww</password>
  </site>
  <site>
    <name>210.29.241.31</name>
    <address>210.29.241.31</address>
    <port>21</port>
    <username>anonymous</username>
    <password />
  </site>
  <site>
    <name>210.29.243.17</name>
    <address>210.29.243.17</address>
    <port>21</port>
    <username>mtv</username>
    <password>mtv</password>
  </site>
  <site>
    <name>210.29.247.21</name>
    <address>210.29.247.21</address>
    <port>21</port>
    <username>anonymous</username>
    <password />
  </site>
  <site>
    <name>210.29.248.51</name>
    <address>210.29.248.51</address>
    <port>21</port>
    <username>5438</username>
    <password />
  </site>
  <site>
    <name>210.29.249.100</name>
    <address>210.29.249.100</address>
    <port>21</port>
    <username>anonymous</username>
    <password />
  </site>
  <site>
    <name>210.29.249.101</name>
    <address>210.29.249.101</address>
    <port>21</port>
    <username>anonymous</username>
    <password />
  </site>
  <site>
    <name>210.29.249.101</name>
    <address>210.29.249.101</address>
    <port>21</port>
    <username>movie</username>
    <password>movie</password>
  </site>
  <site>
    <name>210.29.249.102</name>
    <address>210.29.249.102</address>
    <port>21</port>
    <username>njucs</username>
    <password>njucs</password>
  </site>
  <site>
    <name>210.29.249.112</name>
    <address>210.29.249.112</address>
    <port>21</port>
    <username>njucs</username>
    <password>njucs</password>
  </site>
  <site>
    <name>210.29.249.200</name>
    <address>210.29.249.200</address>
    <port>21</port>
    <username>download</username>
    <password>download</password>
  </site>
  <site>
    <name>210.29.249.245</name>
    <address>210.29.249.245</address>
    <port>21</port>
    <username>njupk</username>
    <password>njupk</password>
  </site>
  <site>
    <name>210.29.249.40</name>
    <address>210.29.249.40</address>
    <port>21</port>
    <username>anonymous</username>
    <password />
  </site>
  <site>
    <name>210.29.249.60</name>
    <address>210.29.249.60</address>
    <port>21</port>
    <username>1321</username>
    <password />
  </site>
  <site>
    <name>210.29.249.7</name>
    <address>210.29.249.7</address>
    <port>8021</port>
    <username>maths</username>
    <password>maths</password>
  </site>
  <site>
    <name>210.29.249.99</name>
    <address>210.29.249.99</address>
    <port>21</port>
    <username>xgx</username>
    <password>xgx</password>
  </site>
  <site>
    <name>210.29.250.147</name>
    <address>210.29.250.147</address>
    <port>21</port>
    <username>anonymous</username>
    <password />
  </site>
  <site>
    <name>210.29.250.54</name>
    <address>210.29.250.54</address>
    <port>21</port>
    <username>anonymous</username>
    <password />
  </site>
  <site>
    <name>219.219.112.208</name>
    <address>219.219.112.208</address>
    <port>21</port>
    <username>movie</username>
    <password>movie</password>
  </site>
  <site>
    <name>219.219.113.14</name>
    <address>219.219.113.14</address>
    <port>21</port>
    <username>2121</username>
    <password />
  </site>
  <site>
    <name>219.219.116.88</name>
    <address>219.219.116.88</address>
    <port>21</port>
    <username>download</username>
    <password>download</password>
  </site>
  <site>
    <name>chem04.3322.org</name>
    <address>chem04.3322.org</address>
    <port>21</port>
    <username>chem04</username>
    <password>chem04</password>
  </site>
  <site>
    <name>sprite2200.3322.org</name>
    <address>sprite2200.3322.org</address>
    <port>21</port>
    <username>download</username>
    <password>download</password>
  </site>
  <site>
    <name>sprite2200.3322.org</name>
    <address>sprite2200.3322.org</address>
    <port>21</port>
    <username>user</username>
    <password>user</password>
  </site>
  <site>
    <name>hueri.3322.org</name>
    <address>hueri.3322.org</address>
    <port>21</port>
    <username>soft</username>
    <password>soft</password>
  </site>
  <site>
    <name>sofree.9966.org</name>
    <address>sofree.9966.org</address>
    <port>21</port>
    <username>free</username>
    <password>free</password>
  </site>
  <site>
    <name>chloride.3322.org</name>
    <address>chloride.3322.org</address>
    <port>21</port>
    <username>anonymous</username>
    <password />
  </site>
</sites>

